ano,classe,area_ha,bioma
2008,1 - Culturas perenes,7547.87,Amazônia
2008,1 - Culturas perenes,351842.88,Caatinga
2008,1 - Culturas perenes,734438.89,Cerrado
2008,1 - Culturas perenes,537283.09,Mata Atlântica
2008,1 - Culturas perenes,8276.84,Pampa
2008,10 - Silvicultura,144391.4,Amazônia
2008,10 - Silvicultura,169090.7,Caatinga
2008,10 - Silvicultura,2277511.3,Cerrado
2008,10 - Silvicultura,2330933.86,Mata Atlântica
2008,10 - Silvicultura,749344.39,Pampa
2008,11 - Veg. prim. florestal,14527308.11,Amazônia
2008,11 - Veg. prim. florestal,1426768.61,Caatinga
2008,11 - Veg. prim. florestal,42489610.58,Cerrado
2008,11 - Veg. prim. florestal,16293269.49,Mata Atlântica
2008,11 - Veg. prim. florestal,5243506.17,Pampa
2008,12 - Veg. sec. florestal,417670.34,Amazônia
2008,12 - Veg. sec. florestal,19932.66,Caatinga
2008,12 - Veg. sec. florestal,3336338.49,Cerrado
2008,12 - Veg. sec. florestal,636939.8,Mata Atlântica
2008,12 - Veg. sec. florestal,310673.59,Pampa
2008,13 - Veg. prim. não-florestal,71.19,Amazônia
2008,13 - Veg. prim. não-florestal,21777445.71,Caatinga
2008,13 - Veg. prim. não-florestal,99398529.31,Cerrado
2008,13 - Veg. prim. não-florestal,35614.89,Mata Atlântica
2008,13 - Veg. prim. não-florestal,0.0,Pampa
2008,14 - Veg. sec. não-florestal,0.0,Amazônia
2008,14 - Veg. sec. não-florestal,0.0,Caatinga
2008,14 - Veg. sec. não-florestal,5518044.89,Cerrado
2008,14 - Veg. sec. não-florestal,0.0,Mata Atlântica
2008,14 - Veg. sec. não-florestal,0.0,Pampa
2008,15 - Outro,10496863.96,Amazônia
2008,15 - Outro,1720857.88,Caatinga
2008,15 - Outro,7305994.16,Cerrado
2008,15 - Outro,3198022.29,Mata Atlântica
2008,15 - Outro,992481.09,Pampa
2008,2 - Soja,80791.76,Amazônia
2008,2 - Soja,22.23,Caatinga
2008,2 - Soja,4370126.15,Cerrado
2008,2 - Soja,2758319.01,Mata Atlântica
2008,2 - Soja,4965209.1,Pampa
2008,3 - Soja + Milho 2ª safra,8116.36,Amazônia
2008,3 - Soja + Milho 2ª safra,0.0,Caatinga
2008,3 - Soja + Milho 2ª safra,7844161.93,Cerrado
2008,3 - Soja + Milho 2ª safra,2494665.54,Mata Atlântica
2008,3 - Soja + Milho 2ª safra,0.0,Pampa
2008,4 - Milho 1ª safra,434606.94,Amazônia
2008,4 - Milho 1ª safra,1530580.0,Caatinga
2008,4 - Milho 1ª safra,3447721.65,Cerrado
2008,4 - Milho 1ª safra,2828993.36,Mata Atlântica
2008,4 - Milho 1ª safra,1385998.0,Pampa
2008,5 - Cana-de-açúcar,50176.31,Amazônia
2008,5 - Cana-de-açúcar,1217331.96,Caatinga
2008,5 - Cana-de-açúcar,1376409.51,Cerrado
2008,5 - Cana-de-açúcar,5974047.24,Mata Atlântica
2008,5 - Cana-de-açúcar,62573.22,Pampa
2008,6 - Outra agropecuária,456216.52,Amazônia
2008,6 - Outra agropecuária,6211908.91,Caatinga
2008,6 - Outra agropecuária,25903981.28,Cerrado
2008,6 - Outra agropecuária,15301204.51,Mata Atlântica
2008,6 - Outra agropecuária,5802661.99,Pampa
2008,7 - Pastagem deg. média,4692599.54,Amazônia
2008,7 - Pastagem deg. média,1841453.36,Caatinga
2008,7 - Pastagem deg. média,20355509.82,Cerrado
2008,7 - Pastagem deg. média,3273761.82,Mata Atlântica
2008,7 - Pastagem deg. média,116718.84,Pampa
2008,8 - Pastagem deg. alta,347472.67,Amazônia
2008,8 - Pastagem deg. alta,998794.19,Caatinga
2008,8 - Pastagem deg. alta,12014624.53,Cerrado
2008,8 - Pastagem deg. alta,1605838.23,Mata Atlântica
2008,8 - Pastagem deg. alta,10297.45,Pampa
2008,9 - Pastagem deg. baixa,6740897.39,Amazônia
2008,9 - Pastagem deg. baixa,1195357.11,Caatinga
2008,9 - Pastagem deg. baixa,8597961.78,Cerrado
2008,9 - Pastagem deg. baixa,2046949.38,Mata Atlântica
2008,9 - Pastagem deg. baixa,69230.9,Pampa
2009,1 - Culturas perenes,7437.8,Amazônia
2009,1 - Culturas perenes,368548.42,Caatinga
2009,1 - Culturas perenes,745267.56,Cerrado
2009,1 - Culturas perenes,534263.08,Mata Atlântica
2009,1 - Culturas perenes,8098.1,Pampa
2009,10 - Silvicultura,146916.06,Amazônia
2009,10 - Silvicultura,185823.32,Caatinga
2009,10 - Silvicultura,2507177.92,Cerrado
2009,10 - Silvicultura,2519339.23,Mata Atlântica
2009,10 - Silvicultura,809055.5,Pampa
2009,11 - Veg. prim. florestal,14449982.25,Amazônia
2009,11 - Veg. prim. florestal,1428700.33,Caatinga
2009,11 - Veg. prim. florestal,42372886.7,Cerrado
2009,11 - Veg. prim. florestal,16314932.43,Mata Atlântica
2009,11 - Veg. prim. florestal,5222330.21,Pampa
2009,12 - Veg. sec. florestal,451802.04,Amazônia
2009,12 - Veg. sec. florestal,20132.79,Caatinga
2009,12 - Veg. sec. florestal,3320669.26,Cerrado
2009,12 - Veg. sec. florestal,633142.74,Mata Atlântica
2009,12 - Veg. sec. florestal,310344.75,Pampa
2009,13 - Veg. prim. não-florestal,64.98,Amazônia
2009,13 - Veg. prim. não-florestal,21761317.98,Caatinga
2009,13 - Veg. prim. não-florestal,99091570.23,Cerrado
2009,13 - Veg. prim. não-florestal,36054.99,Mata Atlântica
2009,13 - Veg. prim. não-florestal,0.0,Pampa
2009,14 - Veg. sec. não-florestal,0.0,Amazônia
2009,14 - Veg. sec. não-florestal,0.0,Caatinga
2009,14 - Veg. sec. não-florestal,5506834.68,Cerrado
2009,14 - Veg. sec. não-florestal,0.0,Mata Atlântica
2009,14 - Veg. sec. não-florestal,0.0,Pampa
2009,15 - Outro,10558164.58,Amazônia
2009,15 - Outro,1753237.72,Caatinga
2009,15 - Outro,6847902.46,Cerrado
2009,15 - Outro,3224159.3,Mata Atlântica
2009,15 - Outro,996818.26,Pampa
2009,2 - Soja,95027.01,Amazônia
2009,2 - Soja,19.17,Caatinga
2009,2 - Soja,4345460.07,Cerrado
2009,2 - Soja,2878743.71,Mata Atlântica
2009,2 - Soja,5008387.41,Pampa
2009,3 - Soja + Milho 2ª safra,14545.74,Amazônia
2009,3 - Soja + Milho 2ª safra,0.0,Caatinga
2009,3 - Soja + Milho 2ª safra,8540872.14,Cerrado
2009,3 - Soja + Milho 2ª safra,2644516.87,Mata Atlântica
2009,3 - Soja + Milho 2ª safra,0.0,Pampa
2009,4 - Milho 1ª safra,416386.85,Amazônia
2009,4 - Milho 1ª safra,1549048.0,Caatinga
2009,4 - Milho 1ª safra,3358241.81,Cerrado
2009,4 - Milho 1ª safra,2516804.04,Mata Atlântica
2009,4 - Milho 1ª safra,1385754.0,Pampa
2009,5 - Cana-de-açúcar,52722.25,Amazônia
2009,5 - Cana-de-açúcar,1235105.93,Caatinga
2009,5 - Cana-de-açúcar,1638279.22,Cerrado
2009,5 - Cana-de-açúcar,6362306.76,Mata Atlântica
2009,5 - Cana-de-açúcar,68310.68,Pampa
2009,6 - Outra agropecuária,472486.44,Amazônia
2009,6 - Outra agropecuária,6266019.52,Caatinga
2009,6 - Outra agropecuária,25792461.86,Cerrado
2009,6 - Outra agropecuária,15109102.85,Mata Atlântica
2009,6 - Outra agropecuária,5826989.21,Pampa
2009,7 - Pastagem deg. média,4653798.29,Amazônia
2009,7 - Pastagem deg. média,1817316.81,Caatinga
2009,7 - Pastagem deg. média,20120211.83,Cerrado
2009,7 - Pastagem deg. média,3134753.25,Mata Atlântica
2009,7 - Pastagem deg. média,111188.9,Pampa
2009,8 - Pastagem deg. alta,320705.93,Amazônia
2009,8 - Pastagem deg. alta,907535.65,Caatinga
2009,8 - Pastagem deg. alta,12314684.64,Cerrado
2009,8 - Pastagem deg. alta,1430365.28,Mata Atlântica
2009,8 - Pastagem deg. alta,10373.45,Pampa
2009,9 - Pastagem deg. baixa,7131989.32,Amazônia
2009,9 - Pastagem deg. baixa,1317063.94,Caatinga
2009,9 - Pastagem deg. baixa,8505048.8,Cerrado
2009,9 - Pastagem deg. baixa,2205272.31,Mata Atlântica
2009,9 - Pastagem deg. baixa,63855.25,Pampa
2010,1 - Culturas perenes,6933.67,Amazônia
2010,1 - Culturas perenes,372638.7,Caatinga
2010,1 - Culturas perenes,772428.91,Cerrado
2010,1 - Culturas perenes,552699.51,Mata Atlântica
2010,1 - Culturas perenes,7981.62,Pampa
2010,10 - Silvicultura,151098.52,Amazônia
2010,10 - Silvicultura,204483.96,Caatinga
2010,10 - Silvicultura,2737737.75,Cerrado
2010,10 - Silvicultura,2687491.38,Mata Atlântica
2010,10 - Silvicultura,883177.65,Pampa
2010,11 - Veg. prim. florestal,14383295.06,Amazônia
2010,11 - Veg. prim. florestal,1431492.72,Caatinga
2010,11 - Veg. prim. florestal,42330943.13,Cerrado
2010,11 - Veg. prim. florestal,16343063.82,Mata Atlântica
2010,11 - Veg. prim. florestal,5245563.12,Pampa
2010,12 - Veg. sec. florestal,486116.22,Amazônia
2010,12 - Veg. sec. florestal,20072.38,Caatinga
2010,12 - Veg. sec. florestal,3322736.51,Cerrado
2010,12 - Veg. sec. florestal,634403.08,Mata Atlântica
2010,12 - Veg. sec. florestal,311845.81,Pampa
2010,13 - Veg. prim. não-florestal,60.84,Amazônia
2010,13 - Veg. prim. não-florestal,21725815.05,Caatinga
2010,13 - Veg. prim. não-florestal,98643211.52,Cerrado
2010,13 - Veg. prim. não-florestal,36769.68,Mata Atlântica
2010,13 - Veg. prim. não-florestal,0.0,Pampa
2010,14 - Veg. sec. não-florestal,0.0,Amazônia
2010,14 - Veg. sec. não-florestal,0.0,Caatinga
2010,14 - Veg. sec. não-florestal,5479450.61,Cerrado
2010,14 - Veg. sec. não-florestal,0.0,Mata Atlântica
2010,14 - Veg. sec. não-florestal,0.0,Pampa
2010,15 - Outro,10255759.97,Amazônia
2010,15 - Outro,1704277.96,Caatinga
2010,15 - Outro,6955796.81,Cerrado
2010,15 - Outro,3238866.88,Mata Atlântica
2010,15 - Outro,1004944.94,Pampa
2010,2 - Soja,84891.9,Amazônia
2010,2 - Soja,5.4,Caatinga
2010,2 - Soja,4036453.08,Cerrado
2010,2 - Soja,2632420.21,Mata Atlântica
2010,2 - Soja,5129468.28,Pampa
2010,3 - Soja + Milho 2ª safra,24587.52,Amazônia
2010,3 - Soja + Milho 2ª safra,0.0,Caatinga
2010,3 - Soja + Milho 2ª safra,9548087.07,Cerrado
2010,3 - Soja + Milho 2ª safra,2955623.81,Mata Atlântica
2010,3 - Soja + Milho 2ª safra,0.0,Pampa
2010,4 - Milho 1ª safra,373711.97,Amazônia
2010,4 - Milho 1ª safra,1169685.0,Caatinga
2010,4 - Milho 1ª safra,2949213.65,Cerrado
2010,4 - Milho 1ª safra,2040880.78,Mata Atlântica
2010,4 - Milho 1ª safra,1151397.0,Pampa
2010,5 - Cana-de-açúcar,53794.37,Amazônia
2010,5 - Cana-de-açúcar,1242366.93,Caatinga
2010,5 - Cana-de-açúcar,1818810.92,Cerrado
2010,5 - Cana-de-açúcar,6479019.06,Mata Atlântica
2010,5 - Cana-de-açúcar,70782.86,Pampa
2010,6 - Outra agropecuária,485837.91,Amazônia
2010,6 - Outra agropecuária,6257464.52,Caatinga
2010,6 - Outra agropecuária,25337428.42,Cerrado
2010,6 - Outra agropecuária,14848814.91,Mata Atlântica
2010,6 - Outra agropecuária,5855771.05,Pampa
2010,7 - Pastagem deg. média,4677571.34,Amazônia
2010,7 - Pastagem deg. média,1851488.87,Caatinga
2010,7 - Pastagem deg. média,20281555.86,Cerrado
2010,7 - Pastagem deg. média,2991688.26,Mata Atlântica
2010,7 - Pastagem deg. média,99537.87,Pampa
2010,8 - Pastagem deg. alta,306732.85,Amazônia
2010,8 - Pastagem deg. alta,981660.84,Caatinga
2010,8 - Pastagem deg. alta,11774928.25,Cerrado
2010,8 - Pastagem deg. alta,1170636.06,Mata Atlântica
2010,8 - Pastagem deg. alta,11081.05,Pampa
2010,9 - Pastagem deg. baixa,7390963.5,Amazônia
2010,9 - Pastagem deg. baixa,1160135.33,Caatinga
2010,9 - Pastagem deg. baixa,8685811.25,Cerrado
2010,9 - Pastagem deg. baixa,2510838.98,Mata Atlântica
2010,9 - Pastagem deg. baixa,65789.95,Pampa
2011,1 - Culturas perenes,6174.96,Amazônia
2011,1 - Culturas perenes,379125.2,Caatinga
2011,1 - Culturas perenes,818805.49,Cerrado
2011,1 - Culturas perenes,586627.97,Mata Atlântica
2011,1 - Culturas perenes,8240.84,Pampa
2011,10 - Silvicultura,155427.17,Amazônia
2011,10 - Silvicultura,217090.06,Caatinga
2011,10 - Silvicultura,2942189.05,Cerrado
2011,10 - Silvicultura,2834273.65,Mata Atlântica
2011,10 - Silvicultura,915700.2,Pampa
2011,11 - Veg. prim. florestal,14378261.99,Amazônia
2011,11 - Veg. prim. florestal,1428971.44,Caatinga
2011,11 - Veg. prim. florestal,42286531.76,Cerrado
2011,11 - Veg. prim. florestal,16358843.07,Mata Atlântica
2011,11 - Veg. prim. florestal,5241044.83,Pampa
2011,12 - Veg. sec. florestal,462071.34,Amazônia
2011,12 - Veg. sec. florestal,20377.89,Caatinga
2011,12 - Veg. sec. florestal,3329258.49,Cerrado
2011,12 - Veg. sec. florestal,633956.53,Mata Atlântica
2011,12 - Veg. sec. florestal,311410.66,Pampa
2011,13 - Veg. prim. não-florestal,68.31,Amazônia
2011,13 - Veg. prim. não-florestal,21637251.9,Caatinga
2011,13 - Veg. prim. não-florestal,97756531.98,Cerrado
2011,13 - Veg. prim. não-florestal,37423.62,Mata Atlântica
2011,13 - Veg. prim. não-florestal,0.0,Pampa
2011,14 - Veg. sec. não-florestal,0.0,Amazônia
2011,14 - Veg. sec. não-florestal,0.0,Caatinga
2011,14 - Veg. sec. não-florestal,5419137.71,Cerrado
2011,14 - Veg. sec. não-florestal,0.0,Mata Atlântica
2011,14 - Veg. sec. não-florestal,0.0,Pampa
2011,15 - Outro,10376813.39,Amazônia
2011,15 - Outro,1691861.34,Caatinga
2011,15 - Outro,7544082.75,Cerrado
2011,15 - Outro,3268134.01,Mata Atlântica
2011,15 - Outro,1013189.17,Pampa
2011,2 - Soja,85530.31,Amazônia
2011,2 - Soja,4.59,Caatinga
2011,2 - Soja,4023159.72,Cerrado
2011,2 - Soja,2359956.2,Mata Atlântica
2011,2 - Soja,5223571.02,Pampa
2011,3 - Soja + Milho 2ª safra,20019.71,Amazônia
2011,3 - Soja + Milho 2ª safra,0.0,Caatinga
2011,3 - Soja + Milho 2ª safra,10456799.97,Cerrado
2011,3 - Soja + Milho 2ª safra,3651954.7,Mata Atlântica
2011,3 - Soja + Milho 2ª safra,0.0,Pampa
2011,4 - Milho 1ª safra,371948.35,Amazônia
2011,4 - Milho 1ª safra,1260421.0,Caatinga
2011,4 - Milho 1ª safra,2905956.55,Cerrado
2011,4 - Milho 1ª safra,1849546.69,Mata Atlântica
2011,4 - Milho 1ª safra,1100309.0,Pampa
2011,5 - Cana-de-açúcar,55318.71,Amazônia
2011,5 - Cana-de-açúcar,1248751.14,Caatinga
2011,5 - Cana-de-açúcar,1983363.21,Cerrado
2011,5 - Cana-de-açúcar,6604570.19,Mata Atlântica
2011,5 - Cana-de-açúcar,73780.5,Pampa
2011,6 - Outra agropecuária,503089.78,Amazônia
2011,6 - Outra agropecuária,6263035.43,Caatinga
2011,6 - Outra agropecuária,25516392.19,Cerrado
2011,6 - Outra agropecuária,14944993.33,Mata Atlântica
2011,6 - Outra agropecuária,5861788.83,Pampa
2011,7 - Pastagem deg. média,4481449.09,Amazônia
2011,7 - Pastagem deg. média,1825937.29,Caatinga
2011,7 - Pastagem deg. média,20137494.59,Cerrado
2011,7 - Pastagem deg. média,2903789.82,Mata Atlântica
2011,7 - Pastagem deg. média,87279.93,Pampa
2011,8 - Pastagem deg. alta,272887.4,Amazônia
2011,8 - Pastagem deg. alta,1183046.46,Caatinga
2011,8 - Pastagem deg. alta,11208353.42,Cerrado
2011,8 - Pastagem deg. alta,946634.01,Mata Atlântica
2011,8 - Pastagem deg. alta,7563.72,Pampa
2011,9 - Pastagem deg. baixa,7964226.28,Amazônia
2011,9 - Pastagem deg. baixa,1050677.5,Caatinga
2011,9 - Pastagem deg. baixa,9191714.47,Cerrado
2011,9 - Pastagem deg. baixa,2698538.35,Mata Atlântica
2011,9 - Pastagem deg. baixa,81059.24,Pampa
2012,1 - Culturas perenes,5817.81,Amazônia
2012,1 - Culturas perenes,384512.14,Caatinga
2012,1 - Culturas perenes,863802.31,Cerrado
2012,1 - Culturas perenes,621687.92,Mata Atlântica
2012,1 - Culturas perenes,8157.88,Pampa
2012,10 - Silvicultura,163322.74,Amazônia
2012,10 - Silvicultura,230364.33,Caatinga
2012,10 - Silvicultura,3171934.04,Cerrado
2012,10 - Silvicultura,2972786.45,Mata Atlântica
2012,10 - Silvicultura,967042.82,Pampa
2012,11 - Veg. prim. florestal,14368681.32,Amazônia
2012,11 - Veg. prim. florestal,1422843.54,Caatinga
2012,11 - Veg. prim. florestal,42084600.58,Cerrado
2012,11 - Veg. prim. florestal,16362242.21,Mata Atlântica
2012,11 - Veg. prim. florestal,5215810.77,Pampa
2012,12 - Veg. sec. florestal,437978.05,Amazônia
2012,12 - Veg. sec. florestal,20866.38,Caatinga
2012,12 - Veg. sec. florestal,3309045.04,Cerrado
2012,12 - Veg. sec. florestal,645904.01,Mata Atlântica
2012,12 - Veg. sec. florestal,304246.47,Pampa
2012,13 - Veg. prim. não-florestal,70.02,Amazônia
2012,13 - Veg. prim. não-florestal,21566502.45,Caatinga
2012,13 - Veg. prim. não-florestal,96932971.7,Cerrado
2012,13 - Veg. prim. não-florestal,37147.14,Mata Atlântica
2012,13 - Veg. prim. não-florestal,0.0,Pampa
2012,14 - Veg. sec. não-florestal,0.0,Amazônia
2012,14 - Veg. sec. não-florestal,0.0,Caatinga
2012,14 - Veg. sec. não-florestal,5378086.99,Cerrado
2012,14 - Veg. sec. não-florestal,0.0,Mata Atlântica
2012,14 - Veg. sec. não-florestal,0.0,Pampa
2012,15 - Outro,10497584.21,Amazônia
2012,15 - Outro,1623151.48,Caatinga
2012,15 - Outro,6739434.23,Cerrado
2012,15 - Outro,3278208.28,Mata Atlântica
2012,15 - Outro,1015770.76,Pampa
2012,2 - Soja,87318.45,Amazônia
2012,2 - Soja,11.25,Caatinga
2012,2 - Soja,3853396.42,Cerrado
2012,2 - Soja,2361045.87,Mata Atlântica
2012,2 - Soja,5425720.74,Pampa
2012,3 - Soja + Milho 2ª safra,21516.12,Amazônia
2012,3 - Soja + Milho 2ª safra,0.0,Caatinga
2012,3 - Soja + Milho 2ª safra,10037172.35,Cerrado
2012,3 - Soja + Milho 2ª safra,3407018.31,Mata Atlântica
2012,3 - Soja + Milho 2ª safra,0.0,Pampa
2012,4 - Milho 1ª safra,376654.55,Amazônia
2012,4 - Milho 1ª safra,894152.0,Caatinga
2012,4 - Milho 1ª safra,3108922.83,Cerrado
2012,4 - Milho 1ª safra,2067569.19,Mata Atlântica
2012,4 - Milho 1ª safra,1119220.0,Pampa
2012,5 - Cana-de-açúcar,57104.29,Amazônia
2012,5 - Cana-de-açúcar,1256053.92,Caatinga
2012,5 - Cana-de-açúcar,2203360.26,Cerrado
2012,5 - Cana-de-açúcar,6767158.5,Mata Atlântica
2012,5 - Cana-de-açúcar,76803.74,Pampa
2012,6 - Outra agropecuária,542990.03,Amazônia
2012,6 - Outra agropecuária,6143000.16,Caatinga
2012,6 - Outra agropecuária,25608370.84,Cerrado
2012,6 - Outra agropecuária,14611185.73,Mata Atlântica
2012,6 - Outra agropecuária,5845294.64,Pampa
2012,7 - Pastagem deg. média,4487508.7,Amazônia
2012,7 - Pastagem deg. média,1450209.19,Caatinga
2012,7 - Pastagem deg. média,19946690.93,Cerrado
2012,7 - Pastagem deg. média,2760090.81,Mata Atlântica
2012,7 - Pastagem deg. média,77725.42,Pampa
2012,8 - Pastagem deg. alta,270799.29,Amazônia
2012,8 - Pastagem deg. alta,2350915.79,Caatinga
2012,8 - Pastagem deg. alta,11666377.68,Cerrado
2012,8 - Pastagem deg. alta,899358.47,Mata Atlântica
2012,8 - Pastagem deg. alta,5216.7,Pampa
2012,9 - Pastagem deg. baixa,8102343.02,Amazônia
2012,9 - Pastagem deg. baixa,791148.34,Caatinga
2012,9 - Pastagem deg. baixa,8733060.59,Cerrado
2012,9 - Pastagem deg. baixa,2747319.01,Mata Atlântica
2012,9 - Pastagem deg. baixa,98470.26,Pampa
2013,1 - Culturas perenes,7385.62,Amazônia
2013,1 - Culturas perenes,385807.3,Caatinga
2013,1 - Culturas perenes,938361.8,Cerrado
2013,1 - Culturas perenes,672268.06,Mata Atlântica
2013,1 - Culturas perenes,8943.1,Pampa
2013,10 - Silvicultura,178275.71,Amazônia
2013,10 - Silvicultura,251895.86,Caatinga
2013,10 - Silvicultura,3511261.04,Cerrado
2013,10 - Silvicultura,3075612.93,Mata Atlântica
2013,10 - Silvicultura,1017621.64,Pampa
2013,11 - Veg. prim. florestal,14348911.73,Amazônia
2013,11 - Veg. prim. florestal,1423135.27,Caatinga
2013,11 - Veg. prim. florestal,42099159.84,Cerrado
2013,11 - Veg. prim. florestal,16386836.55,Mata Atlântica
2013,11 - Veg. prim. florestal,5253704.23,Pampa
2013,12 - Veg. sec. florestal,423256.49,Amazônia
2013,12 - Veg. sec. florestal,21316.22,Caatinga
2013,12 - Veg. sec. florestal,3314891.1,Cerrado
2013,12 - Veg. sec. florestal,646539.89,Mata Atlântica
2013,12 - Veg. sec. florestal,317429.45,Pampa
2013,13 - Veg. prim. não-florestal,78.3,Amazônia
2013,13 - Veg. prim. não-florestal,21508002.0,Caatinga
2013,13 - Veg. prim. não-florestal,96190421.42,Cerrado
2013,13 - Veg. prim. não-florestal,37218.78,Mata Atlântica
2013,13 - Veg. prim. não-florestal,0.0,Pampa
2013,14 - Veg. sec. não-florestal,0.0,Amazônia
2013,14 - Veg. sec. não-florestal,0.0,Caatinga
2013,14 - Veg. sec. não-florestal,5333244.37,Cerrado
2013,14 - Veg. sec. não-florestal,0.0,Mata Atlântica
2013,14 - Veg. sec. não-florestal,0.0,Pampa
2013,15 - Outro,10373690.59,Amazônia
2013,15 - Outro,1521556.46,Caatinga
2013,15 - Outro,6802480.87,Cerrado
2013,15 - Outro,3299758.14,Mata Atlântica
2013,15 - Outro,1026072.41,Pampa
2013,2 - Soja,111436.18,Amazônia
2013,2 - Soja,37.89,Caatinga
2013,2 - Soja,3421059.86,Cerrado
2013,2 - Soja,2178398.08,Mata Atlântica
2013,2 - Soja,5759715.24,Pampa
2013,3 - Soja + Milho 2ª safra,36023.6,Amazônia
2013,3 - Soja + Milho 2ª safra,0.0,Caatinga
2013,3 - Soja + Milho 2ª safra,11159788.48,Cerrado
2013,3 - Soja + Milho 2ª safra,3477406.04,Mata Atlântica
2013,3 - Soja + Milho 2ª safra,0.0,Pampa
2013,4 - Milho 1ª safra,354312.54,Amazônia
2013,4 - Milho 1ª safra,510291.0,Caatinga
2013,4 - Milho 1ª safra,2918935.71,Cerrado
2013,4 - Milho 1ª safra,1905379.45,Mata Atlântica
2013,4 - Milho 1ª safra,1033728.0,Pampa
2013,5 - Cana-de-açúcar,59639.39,Amazônia
2013,5 - Cana-de-açúcar,1267916.64,Caatinga
2013,5 - Cana-de-açúcar,2511994.35,Cerrado
2013,5 - Cana-de-açúcar,7017173.01,Mata Atlântica
2013,5 - Cana-de-açúcar,80029.67,Pampa
2013,6 - Outra agropecuária,602243.26,Amazônia
2013,6 - Outra agropecuária,6108713.51,Caatinga
2013,6 - Outra agropecuária,26632356.21,Cerrado
2013,6 - Outra agropecuária,14645774.54,Mata Atlântica
2013,6 - Outra agropecuária,5619437.04,Pampa
2013,7 - Pastagem deg. média,4393441.47,Amazônia
2013,7 - Pastagem deg. média,1343492.01,Caatinga
2013,7 - Pastagem deg. média,19812526.93,Cerrado
2013,7 - Pastagem deg. média,2619185.63,Mata Atlântica
2013,7 - Pastagem deg. média,63424.14,Pampa
2013,8 - Pastagem deg. alta,251841.11,Amazônia
2013,8 - Pastagem deg. alta,2955247.49,Caatinga
2013,8 - Pastagem deg. alta,11146274.27,Cerrado
2013,8 - Pastagem deg. alta,796495.77,Mata Atlântica
2013,8 - Pastagem deg. alta,3835.76,Pampa
2013,9 - Pastagem deg. baixa,8502441.03,Amazônia
2013,9 - Pastagem deg. baixa,617402.91,Caatinga
2013,9 - Pastagem deg. baixa,9464403.68,Cerrado
2013,9 - Pastagem deg. baixa,2985522.42,Mata Atlântica
2013,9 - Pastagem deg. baixa,132177.72,Pampa
2014,1 - Culturas perenes,8335.47,Amazônia
2014,1 - Culturas perenes,371248.06,Caatinga
2014,1 - Culturas perenes,982377.3,Cerrado
2014,1 - Culturas perenes,710376.09,Mata Atlântica
2014,1 - Culturas perenes,9198.33,Pampa
2014,10 - Silvicultura,185398.69,Amazônia
2014,10 - Silvicultura,262054.85,Caatinga
2014,10 - Silvicultura,3695890.37,Cerrado
2014,10 - Silvicultura,3173306.25,Mata Atlântica
2014,10 - Silvicultura,1030642.74,Pampa
2014,11 - Veg. prim. florestal,14323542.2,Amazônia
2014,11 - Veg. prim. florestal,1423573.75,Caatinga
2014,11 - Veg. prim. florestal,42081003.82,Cerrado
2014,11 - Veg. prim. florestal,16409459.03,Mata Atlântica
2014,11 - Veg. prim. florestal,5255833.34,Pampa
2014,12 - Veg. sec. florestal,408397.5,Amazônia
2014,12 - Veg. sec. florestal,21531.5,Caatinga
2014,12 - Veg. sec. florestal,3321692.53,Cerrado
2014,12 - Veg. sec. florestal,645955.11,Mata Atlântica
2014,12 - Veg. sec. florestal,315654.3,Pampa
2014,13 - Veg. prim. não-florestal,81.27,Amazônia
2014,13 - Veg. prim. não-florestal,21441662.64,Caatinga
2014,13 - Veg. prim. não-florestal,95434176.3,Cerrado
2014,13 - Veg. prim. não-florestal,36855.99,Mata Atlântica
2014,13 - Veg. prim. não-florestal,0.0,Pampa
2014,14 - Veg. sec. não-florestal,0.0,Amazônia
2014,14 - Veg. sec. não-florestal,0.0,Caatinga
2014,14 - Veg. sec. não-florestal,5278620.93,Cerrado
2014,14 - Veg. sec. não-florestal,0.0,Mata Atlântica
2014,14 - Veg. sec. não-florestal,0.0,Pampa
2014,15 - Outro,10315576.61,Amazônia
2014,15 - Outro,1492212.92,Caatinga
2014,15 - Outro,7488100.77,Cerrado
2014,15 - Outro,3303018.76,Mata Atlântica
2014,15 - Outro,1038043.01,Pampa
2014,2 - Soja,186273.69,Amazônia
2014,2 - Soja,41.76,Caatinga
2014,2 - Soja,3547551.81,Cerrado
2014,2 - Soja,2166444.86,Mata Atlântica
2014,2 - Soja,6017241.33,Pampa
2014,3 - Soja + Milho 2ª safra,58628.64,Amazônia
2014,3 - Soja + Milho 2ª safra,0.0,Caatinga
2014,3 - Soja + Milho 2ª safra,13165253.88,Cerrado
2014,3 - Soja + Milho 2ª safra,3856913.14,Mata Atlântica
2014,3 - Soja + Milho 2ª safra,0.0,Pampa
2014,4 - Milho 1ª safra,329071.99,Amazônia
2014,4 - Milho 1ª safra,823559.0,Caatinga
2014,4 - Milho 1ª safra,2863427.13,Cerrado
2014,4 - Milho 1ª safra,1574681.6,Mata Atlântica
2014,4 - Milho 1ª safra,925514.0,Pampa
2014,5 - Cana-de-açúcar,62160.18,Amazônia
2014,5 - Cana-de-açúcar,1283835.03,Caatinga
2014,5 - Cana-de-açúcar,2816488.31,Cerrado
2014,5 - Cana-de-açúcar,7195363.14,Mata Atlântica
2014,5 - Cana-de-açúcar,83207.49,Pampa
2014,6 - Outra agropecuária,657384.3,Amazônia
2014,6 - Outra agropecuária,5973120.22,Caatinga
2014,6 - Outra agropecuária,25826589.32,Cerrado
2014,6 - Outra agropecuária,14544148.96,Mata Atlântica
2014,6 - Outra agropecuária,5437598.16,Pampa
2014,7 - Pastagem deg. média,4433812.39,Amazônia
2014,7 - Pastagem deg. média,1234038.95,Caatinga
2014,7 - Pastagem deg. média,19354343.82,Cerrado
2014,7 - Pastagem deg. média,2508023.11,Mata Atlântica
2014,7 - Pastagem deg. média,56178.62,Pampa
2014,8 - Pastagem deg. alta,265901.6,Amazônia
2014,8 - Pastagem deg. alta,3556741.31,Caatinga
2014,8 - Pastagem deg. alta,12003523.03,Cerrado
2014,8 - Pastagem deg. alta,887683.86,Mata Atlântica
2014,8 - Pastagem deg. alta,2472.89,Pampa
2014,9 - Pastagem deg. baixa,8567270.2,Amazônia
2014,9 - Pastagem deg. baixa,447616.0,Caatinga
2014,9 - Pastagem deg. baixa,9243707.1,Cerrado
2014,9 - Pastagem deg. baixa,3062689.32,Mata Atlântica
2014,9 - Pastagem deg. baixa,156021.2,Pampa
2015,1 - Culturas perenes,9775.59,Amazônia
2015,1 - Culturas perenes,375660.9,Caatinga
2015,1 - Culturas perenes,1027119.79,Cerrado
2015,1 - Culturas perenes,747327.53,Mata Atlântica
2015,1 - Culturas perenes,9537.69,Pampa
2015,10 - Silvicultura,190526.87,Amazônia
2015,10 - Silvicultura,270743.33,Caatinga
2015,10 - Silvicultura,3852777.23,Cerrado
2015,10 - Silvicultura,3232217.47,Mata Atlântica
2015,10 - Silvicultura,1041096.64,Pampa
2015,11 - Veg. prim. florestal,14201781.55,Amazônia
2015,11 - Veg. prim. florestal,1427468.92,Caatinga
2015,11 - Veg. prim. florestal,41968650.41,Cerrado
2015,11 - Veg. prim. florestal,16453145.54,Mata Atlântica
2015,11 - Veg. prim. florestal,5286171.75,Pampa
2015,12 - Veg. sec. florestal,493676.12,Amazônia
2015,12 - Veg. sec. florestal,21599.54,Caatinga
2015,12 - Veg. sec. florestal,3305513.64,Cerrado
2015,12 - Veg. sec. florestal,640666.56,Mata Atlântica
2015,12 - Veg. sec. florestal,315035.9,Pampa
2015,13 - Veg. prim. não-florestal,105.57,Amazônia
2015,13 - Veg. prim. não-florestal,21388771.26,Caatinga
2015,13 - Veg. prim. não-florestal,95068931.55,Cerrado
2015,13 - Veg. prim. não-florestal,37085.31,Mata Atlântica
2015,13 - Veg. prim. não-florestal,0.0,Pampa
2015,14 - Veg. sec. não-florestal,0.0,Amazônia
2015,14 - Veg. sec. não-florestal,0.0,Caatinga
2015,14 - Veg. sec. não-florestal,5258932.33,Cerrado
2015,14 - Veg. sec. não-florestal,0.0,Mata Atlântica
2015,14 - Veg. sec. não-florestal,0.0,Pampa
2015,15 - Outro,10181275.37,Amazônia
2015,15 - Outro,1470887.93,Caatinga
2015,15 - Outro,6872998.03,Cerrado
2015,15 - Outro,3328649.99,Mata Atlântica
2015,15 - Outro,1043922.59,Pampa
2015,2 - Soja,260275.05,Amazônia
2015,2 - Soja,172.71,Caatinga
2015,2 - Soja,3737690.14,Cerrado
2015,2 - Soja,2060460.12,Mata Atlântica
2015,2 - Soja,6255959.76,Pampa
2015,3 - Soja + Milho 2ª safra,117426.96,Amazônia
2015,3 - Soja + Milho 2ª safra,0.0,Caatinga
2015,3 - Soja + Milho 2ª safra,14136699.11,Cerrado
2015,3 - Soja + Milho 2ª safra,4288089.84,Mata Atlântica
2015,3 - Soja + Milho 2ª safra,0.0,Pampa
2015,4 - Milho 1ª safra,333120.32,Amazônia
2015,4 - Milho 1ª safra,800315.0,Caatinga
2015,4 - Milho 1ª safra,2713218.0,Cerrado
2015,4 - Milho 1ª safra,1380307.07,Mata Atlântica
2015,4 - Milho 1ª safra,854793.0,Pampa
2015,5 - Cana-de-açúcar,62849.29,Amazônia
2015,5 - Cana-de-açúcar,1291838.7,Caatinga
2015,5 - Cana-de-açúcar,3009036.57,Cerrado
2015,5 - Cana-de-açúcar,7278352.82,Mata Atlântica
2015,5 - Cana-de-açúcar,84514.09,Pampa
2015,6 - Outra agropecuária,690796.48,Amazônia
2015,6 - Outra agropecuária,5996754.04,Caatinga
2015,6 - Outra agropecuária,24800583.42,Cerrado
2015,6 - Outra agropecuária,14224837.87,Mata Atlântica
2015,6 - Outra agropecuária,5230158.56,Pampa
2015,7 - Pastagem deg. média,4656258.33,Amazônia
2015,7 - Pastagem deg. média,1160838.75,Caatinga
2015,7 - Pastagem deg. média,19261471.73,Cerrado
2015,7 - Pastagem deg. média,2515716.28,Mata Atlântica
2015,7 - Pastagem deg. média,52974.22,Pampa
2015,8 - Pastagem deg. alta,289083.08,Amazônia
2015,8 - Pastagem deg. alta,3629678.57,Caatinga
2015,8 - Pastagem deg. alta,11925911.13,Cerrado
2015,8 - Pastagem deg. alta,911436.83,Mata Atlântica
2015,8 - Pastagem deg. alta,1633.69,Pampa
2015,9 - Pastagem deg. baixa,8453281.94,Amazônia
2015,9 - Pastagem deg. baixa,483222.26,Caatinga
2015,9 - Pastagem deg. baixa,9355592.91,Cerrado
2015,9 - Pastagem deg. baixa,3054510.12,Mata Atlântica
2015,9 - Pastagem deg. baixa,171389.07,Pampa
2016,1 - Culturas perenes,11979.24,Amazônia
2016,1 - Culturas perenes,368408.9,Caatinga
2016,1 - Culturas perenes,1041014.72,Cerrado
2016,1 - Culturas perenes,760076.11,Mata Atlântica
2016,1 - Culturas perenes,9739.14,Pampa
2016,10 - Silvicultura,194373.24,Amazônia
2016,10 - Silvicultura,277383.08,Caatinga
2016,10 - Silvicultura,3980192.04,Cerrado
2016,10 - Silvicultura,3280749.8,Mata Atlântica
2016,10 - Silvicultura,1055070.12,Pampa
2016,11 - Veg. prim. florestal,14080804.05,Amazônia
2016,11 - Veg. prim. florestal,1426144.49,Caatinga
2016,11 - Veg. prim. florestal,41926699.22,Cerrado
2016,11 - Veg. prim. florestal,16471711.26,Mata Atlântica
2016,11 - Veg. prim. florestal,5313553.92,Pampa
2016,12 - Veg. sec. florestal,578497.47,Amazônia
2016,12 - Veg. sec. florestal,21611.01,Caatinga
2016,12 - Veg. sec. florestal,3296831.0,Cerrado
2016,12 - Veg. sec. florestal,638766.29,Mata Atlântica
2016,12 - Veg. sec. florestal,312976.79,Pampa
2016,13 - Veg. prim. não-florestal,108.0,Amazônia
2016,13 - Veg. prim. não-florestal,21310116.57,Caatinga
2016,13 - Veg. prim. não-florestal,94730841.29,Cerrado
2016,13 - Veg. prim. não-florestal,38006.19,Mata Atlântica
2016,13 - Veg. prim. não-florestal,0.0,Pampa
2016,14 - Veg. sec. não-florestal,0.0,Amazônia
2016,14 - Veg. sec. não-florestal,0.0,Caatinga
2016,14 - Veg. sec. não-florestal,5235178.38,Cerrado
2016,14 - Veg. sec. não-florestal,0.0,Mata Atlântica
2016,14 - Veg. sec. não-florestal,0.0,Pampa
2016,15 - Outro,9850160.55,Amazônia
2016,15 - Outro,1471757.66,Caatinga
2016,15 - Outro,7003189.47,Cerrado
2016,15 - Outro,3370212.37,Mata Atlântica
2016,15 - Outro,1048014.41,Pampa
2016,2 - Soja,348200.92,Amazônia
2016,2 - Soja,245.88,Caatinga
2016,2 - Soja,4050364.67,Cerrado
2016,2 - Soja,1903311.1,Mata Atlântica
2016,2 - Soja,6360050.88,Pampa
2016,3 - Soja + Milho 2ª safra,132060.23,Amazônia
2016,3 - Soja + Milho 2ª safra,0.0,Caatinga
2016,3 - Soja + Milho 2ª safra,15463855.0,Cerrado
2016,3 - Soja + Milho 2ª safra,5126278.67,Mata Atlântica
2016,3 - Soja + Milho 2ª safra,0.0,Pampa
2016,4 - Milho 1ª safra,286355.33,Amazônia
2016,4 - Milho 1ª safra,818824.0,Caatinga
2016,4 - Milho 1ª safra,2361845.84,Cerrado
2016,4 - Milho 1ª safra,1189690.63,Mata Atlântica
2016,4 - Milho 1ª safra,740510.0,Pampa
2016,5 - Cana-de-açúcar,63231.67,Amazônia
2016,5 - Cana-de-açúcar,1294382.81,Caatinga
2016,5 - Cana-de-açúcar,3157111.62,Cerrado
2016,5 - Cana-de-açúcar,7235447.28,Mata Atlântica
2016,5 - Cana-de-açúcar,84632.79,Pampa
2016,6 - Outra agropecuária,705343.34,Amazônia
2016,6 - Outra agropecuária,6035554.12,Caatinga
2016,6 - Outra agropecuária,24599323.57,Cerrado
2016,6 - Outra agropecuária,13684859.42,Mata Atlântica
2016,6 - Outra agropecuária,5211381.82,Pampa
2016,7 - Pastagem deg. média,4904544.45,Amazônia
2016,7 - Pastagem deg. média,1166441.65,Caatinga
2016,7 - Pastagem deg. média,19073318.27,Cerrado
2016,7 - Pastagem deg. média,2489197.64,Mata Atlântica
2016,7 - Pastagem deg. média,50215.06,Pampa
2016,8 - Pastagem deg. alta,307941.27,Amazônia
2016,8 - Pastagem deg. alta,3514957.36,Caatinga
2016,8 - Pastagem deg. alta,11908632.72,Cerrado
2016,8 - Pastagem deg. alta,918701.95,Mata Atlântica
2016,8 - Pastagem deg. alta,1223.1,Pampa
2016,9 - Pastagem deg. baixa,8396110.78,Amazônia
2016,9 - Pastagem deg. baixa,477396.74,Caatinga
2016,9 - Pastagem deg. baixa,9134811.86,Cerrado
2016,9 - Pastagem deg. baixa,2931353.64,Mata Atlântica
2016,9 - Pastagem deg. baixa,177405.81,Pampa
2017,1 - Culturas perenes,12805.8,Amazônia
2017,1 - Culturas perenes,366249.53,Caatinga
2017,1 - Culturas perenes,1044556.4,Cerrado
2017,1 - Culturas perenes,763127.69,Mata Atlântica
2017,1 - Culturas perenes,9647.98,Pampa
2017,10 - Silvicultura,199877.28,Amazônia
2017,10 - Silvicultura,282816.63,Caatinga
2017,10 - Silvicultura,4075431.76,Cerrado
2017,10 - Silvicultura,3308149.12,Mata Atlântica
2017,10 - Silvicultura,1065885.48,Pampa
2017,11 - Veg. prim. florestal,14023240.35,Amazônia
2017,11 - Veg. prim. florestal,1434920.76,Caatinga
2017,11 - Veg. prim. florestal,41874519.96,Cerrado
2017,11 - Veg. prim. florestal,16492032.67,Mata Atlântica
2017,11 - Veg. prim. florestal,5352093.77,Pampa
2017,12 - Veg. sec. florestal,596559.12,Amazônia
2017,12 - Veg. sec. florestal,21469.36,Caatinga
2017,12 - Veg. sec. florestal,3289867.35,Cerrado
2017,12 - Veg. sec. florestal,636296.13,Mata Atlântica
2017,12 - Veg. sec. florestal,311965.89,Pampa
2017,13 - Veg. prim. não-florestal,85.77,Amazônia
2017,13 - Veg. prim. não-florestal,21263120.64,Caatinga
2017,13 - Veg. prim. não-florestal,94384886.6,Cerrado
2017,13 - Veg. prim. não-florestal,39138.03,Mata Atlântica
2017,13 - Veg. prim. não-florestal,0.0,Pampa
2017,14 - Veg. sec. não-florestal,0.0,Amazônia
2017,14 - Veg. sec. não-florestal,0.0,Caatinga
2017,14 - Veg. sec. não-florestal,5218408.06,Cerrado
2017,14 - Veg. sec. não-florestal,0.0,Mata Atlântica
2017,14 - Veg. sec. não-florestal,0.0,Pampa
2017,15 - Outro,10166020.73,Amazônia
2017,15 - Outro,1521313.22,Caatinga
2017,15 - Outro,6974924.38,Cerrado
2017,15 - Outro,3390441.82,Mata Atlântica
2017,15 - Outro,1052012.31,Pampa
2017,2 - Soja,265851.32,Amazônia
2017,2 - Soja,91.08,Caatinga
2017,2 - Soja,4125400.61,Cerrado
2017,2 - Soja,2088444.85,Mata Atlântica
2017,2 - Soja,6540605.1,Pampa
2017,3 - Soja + Milho 2ª safra,272214.04,Amazônia
2017,3 - Soja + Milho 2ª safra,0.0,Caatinga
2017,3 - Soja + Milho 2ª safra,17217818.05,Cerrado
2017,3 - Soja + Milho 2ª safra,5324969.63,Mata Atlântica
2017,3 - Soja + Milho 2ª safra,0.0,Pampa
2017,4 - Milho 1ª safra,267077.03,Amazônia
2017,4 - Milho 1ª safra,788553.7,Caatinga
2017,4 - Milho 1ª safra,2265899.9,Cerrado
2017,4 - Milho 1ª safra,1261777.5,Mata Atlântica
2017,4 - Milho 1ª safra,831221.0,Pampa
2017,5 - Cana-de-açúcar,94747.77,Amazônia
2017,5 - Cana-de-açúcar,1296865.55,Caatinga
2017,5 - Cana-de-açúcar,3205545.74,Cerrado
2017,5 - Cana-de-açúcar,7185854.99,Mata Atlântica
2017,5 - Cana-de-açúcar,83549.82,Pampa
2017,6 - Outra agropecuária,758125.27,Amazônia
2017,6 - Outra agropecuária,6058455.87,Caatinga
2017,6 - Outra agropecuária,23954777.7,Cerrado
2017,6 - Outra agropecuária,13480393.75,Mata Atlântica
2017,6 - Outra agropecuária,5219062.37,Pampa
2017,7 - Pastagem deg. média,4992154.81,Amazônia
2017,7 - Pastagem deg. média,1222977.58,Caatinga
2017,7 - Pastagem deg. média,19032823.87,Cerrado
2017,7 - Pastagem deg. média,2462415.63,Mata Atlântica
2017,7 - Pastagem deg. média,50023.54,Pampa
2017,8 - Pastagem deg. alta,286332.16,Amazônia
2017,8 - Pastagem deg. alta,3372523.76,Caatinga
2017,8 - Pastagem deg. alta,10994097.98,Cerrado
2017,8 - Pastagem deg. alta,798328.7,Mata Atlântica
2017,8 - Pastagem deg. alta,1312.44,Pampa
2017,9 - Pastagem deg. baixa,8529475.4,Amazônia
2017,9 - Pastagem deg. baixa,465317.64,Caatinga
2017,9 - Pastagem deg. baixa,9680909.28,Cerrado
2017,9 - Pastagem deg. baixa,2965139.38,Mata Atlântica
2017,9 - Pastagem deg. baixa,174111.54,Pampa
2018,1 - Culturas perenes,13937.53,Amazônia
2018,1 - Culturas perenes,372720.16,Caatinga
2018,1 - Culturas perenes,1056924.05,Cerrado
2018,1 - Culturas perenes,755512.04,Mata Atlântica
2018,1 - Culturas perenes,9390.64,Pampa
2018,10 - Silvicultura,203771.32,Amazônia
2018,10 - Silvicultura,286047.32,Caatinga
2018,10 - Silvicultura,4135053.27,Cerrado
2018,10 - Silvicultura,3347122.83,Mata Atlântica
2018,10 - Silvicultura,1076754.79,Pampa
2018,11 - Veg. prim. florestal,13909814.88,Amazônia
2018,11 - Veg. prim. florestal,1436471.95,Caatinga
2018,11 - Veg. prim. florestal,41868243.78,Cerrado
2018,11 - Veg. prim. florestal,16484036.08,Mata Atlântica
2018,11 - Veg. prim. florestal,5343251.36,Pampa
2018,12 - Veg. sec. florestal,611703.68,Amazônia
2018,12 - Veg. sec. florestal,21271.46,Caatinga
2018,12 - Veg. sec. florestal,3292618.74,Cerrado
2018,12 - Veg. sec. florestal,638304.44,Mata Atlântica
2018,12 - Veg. sec. florestal,311876.68,Pampa
2018,13 - Veg. prim. não-florestal,74.52,Amazônia
2018,13 - Veg. prim. não-florestal,21181655.7,Caatinga
2018,13 - Veg. prim. não-florestal,93892685.63,Cerrado
2018,13 - Veg. prim. não-florestal,39657.96,Mata Atlântica
2018,13 - Veg. prim. não-florestal,0.0,Pampa
2018,14 - Veg. sec. não-florestal,0.0,Amazônia
2018,14 - Veg. sec. não-florestal,0.0,Caatinga
2018,14 - Veg. sec. não-florestal,5183452.05,Cerrado
2018,14 - Veg. sec. não-florestal,0.0,Mata Atlântica
2018,14 - Veg. sec. não-florestal,0.0,Pampa
2018,15 - Outro,10048478.77,Amazônia
2018,15 - Outro,1597222.3,Caatinga
2018,15 - Outro,7591755.55,Cerrado
2018,15 - Outro,3414039.01,Mata Atlântica
2018,15 - Outro,1057892.42,Pampa
2018,2 - Soja,290352.09,Amazônia
2018,2 - Soja,16.47,Caatinga
2018,2 - Soja,4124924.19,Cerrado
2018,2 - Soja,1879103.9,Mata Atlântica
2018,2 - Soja,6548126.76,Pampa
2018,3 - Soja + Milho 2ª safra,292259.04,Amazônia
2018,3 - Soja + Milho 2ª safra,0.0,Caatinga
2018,3 - Soja + Milho 2ª safra,17604030.87,Cerrado
2018,3 - Soja + Milho 2ª safra,5637633.01,Mata Atlântica
2018,3 - Soja + Milho 2ª safra,0.0,Pampa
2018,4 - Milho 1ª safra,226114.42,Amazônia
2018,4 - Milho 1ª safra,832367.69,Caatinga
2018,4 - Milho 1ª safra,2174212.48,Cerrado
2018,4 - Milho 1ª safra,1017456.19,Mata Atlântica
2018,4 - Milho 1ª safra,706160.0,Pampa
2018,5 - Cana-de-açúcar,93894.73,Amazônia
2018,5 - Cana-de-açúcar,1303248.65,Caatinga
2018,5 - Cana-de-açúcar,3214790.81,Cerrado
2018,5 - Cana-de-açúcar,7158411.91,Mata Atlântica
2018,5 - Cana-de-açúcar,82664.27,Pampa
2018,6 - Outra agropecuária,791711.07,Amazônia
2018,6 - Outra agropecuária,6071407.31,Caatinga
2018,6 - Outra agropecuária,24179695.92,Cerrado
2018,6 - Outra agropecuária,13390658.07,Mata Atlântica
2018,6 - Outra agropecuária,5156689.8,Pampa
2018,7 - Pastagem deg. média,4920799.0,Amazônia
2018,7 - Pastagem deg. média,1543686.35,Caatinga
2018,7 - Pastagem deg. média,19100054.85,Cerrado
2018,7 - Pastagem deg. média,2515669.09,Mata Atlântica
2018,7 - Pastagem deg. média,55575.61,Pampa
2018,8 - Pastagem deg. alta,233044.81,Amazônia
2018,8 - Pastagem deg. alta,2441991.97,Caatinga
2018,8 - Pastagem deg. alta,9752745.03,Cerrado
2018,8 - Pastagem deg. alta,782676.86,Mata Atlântica
2018,8 - Pastagem deg. alta,1731.43,Pampa
2018,9 - Pastagem deg. baixa,9103470.2,Amazônia
2018,9 - Pastagem deg. baixa,579693.79,Caatinga
2018,9 - Pastagem deg. baixa,10395450.3,Cerrado
2018,9 - Pastagem deg. baixa,2803728.54,Mata Atlântica
2018,9 - Pastagem deg. baixa,161483.64,Pampa
2019,1 - Culturas perenes,14340.91,Amazônia
2019,1 - Culturas perenes,393055.51,Caatinga
2019,1 - Culturas perenes,1090788.65,Cerrado
2019,1 - Culturas perenes,773913.2,Mata Atlântica
2019,1 - Culturas perenes,9445.84,Pampa
2019,10 - Silvicultura,212790.89,Amazônia
2019,10 - Silvicultura,292225.58,Caatinga
2019,10 - Silvicultura,4252355.46,Cerrado
2019,10 - Silvicultura,3437188.26,Mata Atlântica
2019,10 - Silvicultura,1091249.59,Pampa
2019,11 - Veg. prim. florestal,13819578.46,Amazônia
2019,11 - Veg. prim. florestal,1431826.73,Caatinga
2019,11 - Veg. prim. florestal,41596070.85,Cerrado
2019,11 - Veg. prim. florestal,16476337.22,Mata Atlântica
2019,11 - Veg. prim. florestal,5329807.45,Pampa
2019,12 - Veg. sec. florestal,603564.45,Amazônia
2019,12 - Veg. sec. florestal,21331.26,Caatinga
2019,12 - Veg. sec. florestal,3262438.8,Cerrado
2019,12 - Veg. sec. florestal,637663.46,Mata Atlântica
2019,12 - Veg. sec. florestal,305860.05,Pampa
2019,13 - Veg. prim. não-florestal,86.04,Amazônia
2019,13 - Veg. prim. não-florestal,21064867.29,Caatinga
2019,13 - Veg. prim. não-florestal,93355721.25,Cerrado
2019,13 - Veg. prim. não-florestal,39609.09,Mata Atlântica
2019,13 - Veg. prim. não-florestal,0.0,Pampa
2019,14 - Veg. sec. não-florestal,0.0,Amazônia
2019,14 - Veg. sec. não-florestal,0.0,Caatinga
2019,14 - Veg. sec. não-florestal,5160044.46,Cerrado
2019,14 - Veg. sec. não-florestal,0.0,Mata Atlântica
2019,14 - Veg. sec. não-florestal,0.0,Pampa
2019,15 - Outro,10184969.42,Amazônia
2019,15 - Outro,1645022.04,Caatinga
2019,15 - Outro,7082020.34,Cerrado
2019,15 - Outro,3442258.13,Mata Atlântica
2019,15 - Outro,1061025.59,Pampa
2019,2 - Soja,248493.87,Amazônia
2019,2 - Soja,0.0,Caatinga
2019,2 - Soja,4077372.21,Cerrado
2019,2 - Soja,2008603.96,Mata Atlântica
2019,2 - Soja,6928960.05,Pampa
2019,3 - Soja + Milho 2ª safra,402840.18,Amazônia
2019,3 - Soja + Milho 2ª safra,13.95,Caatinga
2019,3 - Soja + Milho 2ª safra,18387546.15,Cerrado
2019,3 - Soja + Milho 2ª safra,5704044.5,Mata Atlântica
2019,3 - Soja + Milho 2ª safra,0.0,Pampa
2019,4 - Milho 1ª safra,201431.32,Amazônia
2019,4 - Milho 1ª safra,0.0,Caatinga
2019,4 - Milho 1ª safra,2079203.49,Cerrado
2019,4 - Milho 1ª safra,1072457.82,Mata Atlântica
2019,4 - Milho 1ª safra,763097.0,Pampa
2019,5 - Cana-de-açúcar,92111.53,Amazônia
2019,5 - Cana-de-açúcar,1278634.65,Caatinga
2019,5 - Cana-de-açúcar,3203252.14,Cerrado
2019,5 - Cana-de-açúcar,7060478.63,Mata Atlântica
2019,5 - Cana-de-açúcar,80816.75,Pampa
2019,6 - Outra agropecuária,804042.63,Amazônia
2019,6 - Outra agropecuária,6171539.5,Caatinga
2019,6 - Outra agropecuária,24841430.01,Cerrado
2019,6 - Outra agropecuária,13511823.3,Mata Atlântica
2019,6 - Outra agropecuária,5380995.56,Pampa
2019,7 - Pastagem deg. média,5023180.3,Amazônia
2019,7 - Pastagem deg. média,1832478.0,Caatinga
2019,7 - Pastagem deg. média,19276024.37,Cerrado
2019,7 - Pastagem deg. média,2418746.59,Mata Atlântica
2019,7 - Pastagem deg. média,64886.85,Pampa
2019,8 - Pastagem deg. alta,218137.22,Amazônia
2019,8 - Pastagem deg. alta,1712391.77,Caatinga
2019,8 - Pastagem deg. alta,8379295.23,Cerrado
2019,8 - Pastagem deg. alta,918492.3,Mata Atlântica
2019,8 - Pastagem deg. alta,2208.77,Pampa
2019,9 - Pastagem deg. baixa,9706982.75,Amazônia
2019,9 - Pastagem deg. baixa,779746.23,Caatinga
2019,9 - Pastagem deg. baixa,11288986.41,Cerrado
2019,9 - Pastagem deg. baixa,2624392.86,Mata Atlântica
2019,9 - Pastagem deg. baixa,142982.68,Pampa
2020,1 - Culturas perenes,15193.44,Amazônia
2020,1 - Culturas perenes,401602.14,Caatinga
2020,1 - Culturas perenes,1145508.88,Cerrado
2020,1 - Culturas perenes,786425.04,Mata Atlântica
2020,1 - Culturas perenes,9458.06,Pampa
2020,10 - Silvicultura,214497.82,Amazônia
2020,10 - Silvicultura,296847.64,Caatinga
2020,10 - Silvicultura,4298416.75,Cerrado
2020,10 - Silvicultura,3486320.87,Mata Atlântica
2020,10 - Silvicultura,1115949.38,Pampa
2020,11 - Veg. prim. florestal,13719042.19,Amazônia
2020,11 - Veg. prim. florestal,1427117.51,Caatinga
2020,11 - Veg. prim. florestal,41718051.76,Cerrado
2020,11 - Veg. prim. florestal,16469896.65,Mata Atlântica
2020,11 - Veg. prim. florestal,5298984.04,Pampa
2020,12 - Veg. sec. florestal,595305.93,Amazônia
2020,12 - Veg. sec. florestal,21504.02,Caatinga
2020,12 - Veg. sec. florestal,2869855.29,Cerrado
2020,12 - Veg. sec. florestal,637042.65,Mata Atlântica
2020,12 - Veg. sec. florestal,299115.18,Pampa
2020,13 - Veg. prim. não-florestal,537.21,Amazônia
2020,13 - Veg. prim. não-florestal,20929842.0,Caatinga
2020,13 - Veg. prim. não-florestal,93002303.29,Cerrado
2020,13 - Veg. prim. não-florestal,39531.33,Mata Atlântica
2020,13 - Veg. prim. não-florestal,0.0,Pampa
2020,14 - Veg. sec. não-florestal,0.0,Amazônia
2020,14 - Veg. sec. não-florestal,0.0,Caatinga
2020,14 - Veg. sec. não-florestal,4911651.4,Cerrado
2020,14 - Veg. sec. não-florestal,0.0,Mata Atlântica
2020,14 - Veg. sec. não-florestal,0.0,Pampa
2020,15 - Outro,10138184.08,Amazônia
2020,15 - Outro,1719731.91,Caatinga
2020,15 - Outro,6916669.15,Cerrado
2020,15 - Outro,3473786.03,Mata Atlântica
2020,15 - Outro,1060276.8,Pampa
2020,2 - Soja,295558.09,Amazônia
2020,2 - Soja,0.0,Caatinga
2020,2 - Soja,4850677.21,Cerrado
2020,2 - Soja,2073174.24,Mata Atlântica
2020,2 - Soja,7006561.56,Pampa
2020,3 - Soja + Milho 2ª safra,412794.47,Amazônia
2020,3 - Soja + Milho 2ª safra,18.45,Caatinga
2020,3 - Soja + Milho 2ª safra,18412268.72,Cerrado
2020,3 - Soja + Milho 2ª safra,6117948.87,Mata Atlântica
2020,3 - Soja + Milho 2ª safra,0.0,Pampa
2020,4 - Milho 1ª safra,244516.39,Amazônia
2020,4 - Milho 1ª safra,0.0,Caatinga
2020,4 - Milho 1ª safra,2381712.45,Cerrado
2020,4 - Milho 1ª safra,1035535.88,Mata Atlântica
2020,4 - Milho 1ª safra,751573.0,Pampa
2020,5 - Cana-de-açúcar,91263.88,Amazônia
2020,5 - Cana-de-açúcar,1256623.96,Caatinga
2020,5 - Cana-de-açúcar,3330274.16,Cerrado
2020,5 - Cana-de-açúcar,7024818.82,Mata Atlântica
2020,5 - Cana-de-açúcar,80376.84,Pampa
2020,6 - Outra agropecuária,788791.36,Amazônia
2020,6 - Outra agropecuária,6330699.58,Caatinga
2020,6 - Outra agropecuária,26366506.09,Cerrado
2020,6 - Outra agropecuária,13610508.07,Mata Atlântica
2020,6 - Outra agropecuária,5454872.49,Pampa
2020,7 - Pastagem deg. média,5301701.97,Amazônia
2020,7 - Pastagem deg. média,2019865.89,Caatinga
2020,7 - Pastagem deg. média,19412622.71,Cerrado
2020,7 - Pastagem deg. média,2387710.31,Mata Atlântica
2020,7 - Pastagem deg. média,75391.77,Pampa
2020,8 - Pastagem deg. alta,242080.12,Amazônia
2020,8 - Pastagem deg. alta,1023346.65,Caatinga
2020,8 - Pastagem deg. alta,7812331.43,Cerrado
2020,8 - Pastagem deg. alta,929728.94,Mata Atlântica
2020,8 - Pastagem deg. alta,3211.39,Pampa
2020,9 - Pastagem deg. baixa,9850055.69,Amazônia
2020,9 - Pastagem deg. baixa,1194832.35,Caatinga
2020,9 - Pastagem deg. baixa,11704297.45,Cerrado
2020,9 - Pastagem deg. baixa,2474564.73,Mata Atlântica
2020,9 - Pastagem deg. baixa,120525.92,Pampa
2021,1 - Culturas perenes,15288.02,Amazônia
2021,1 - Culturas perenes,401572.82,Caatinga
2021,1 - Culturas perenes,1149959.41,Cerrado
2021,1 - Culturas perenes,790509.19,Mata Atlântica
2021,1 - Culturas perenes,9520.63,Pampa
2021,10 - Silvicultura,219708.27,Amazônia
2021,10 - Silvicultura,304359.1,Caatinga
2021,10 - Silvicultura,4373900.03,Cerrado
2021,10 - Silvicultura,3513468.53,Mata Atlântica
2021,10 - Silvicultura,1144141.55,Pampa
2021,11 - Veg. prim. florestal,13624308.58,Amazônia
2021,11 - Veg. prim. florestal,1420214.66,Caatinga
2021,11 - Veg. prim. florestal,41111347.2,Cerrado
2021,11 - Veg. prim. florestal,16440942.53,Mata Atlântica
2021,11 - Veg. prim. florestal,5272905.19,Pampa
2021,12 - Veg. sec. florestal,556405.84,Amazônia
2021,12 - Veg. sec. florestal,21799.56,Caatinga
2021,12 - Veg. sec. florestal,3220055.72,Cerrado
2021,12 - Veg. sec. florestal,637844.3,Mata Atlântica
2021,12 - Veg. sec. florestal,302602.03,Pampa
2021,13 - Veg. prim. não-florestal,143.28,Amazônia
2021,13 - Veg. prim. não-florestal,20728310.04,Caatinga
2021,13 - Veg. prim. não-florestal,91868410.59,Cerrado
2021,13 - Veg. prim. não-florestal,39389.4,Mata Atlântica
2021,13 - Veg. prim. não-florestal,0.0,Pampa
2021,14 - Veg. sec. não-florestal,0.0,Amazônia
2021,14 - Veg. sec. não-florestal,0.0,Caatinga
2021,14 - Veg. sec. não-florestal,5080669.26,Cerrado
2021,14 - Veg. sec. não-florestal,0.0,Mata Atlântica
2021,14 - Veg. sec. não-florestal,0.0,Pampa
2021,15 - Outro,10444837.19,Amazônia
2021,15 - Outro,1712620.09,Caatinga
2021,15 - Outro,6775854.33,Cerrado
2021,15 - Outro,3504856.37,Mata Atlântica
2021,15 - Outro,1062907.48,Pampa
2021,2 - Soja,392303.11,Amazônia
2021,2 - Soja,0.0,Caatinga
2021,2 - Soja,4682162.61,Cerrado
2021,2 - Soja,2053620.49,Mata Atlântica
2021,2 - Soja,7031803.59,Pampa
2021,3 - Soja + Milho 2ª safra,614802.56,Amazônia
2021,3 - Soja + Milho 2ª safra,15.93,Caatinga
2021,3 - Soja + Milho 2ª safra,19486331.91,Cerrado
2021,3 - Soja + Milho 2ª safra,6223034.84,Mata Atlântica
2021,3 - Soja + Milho 2ª safra,0.0,Pampa
2021,4 - Milho 1ª safra,221817.24,Amazônia
2021,4 - Milho 1ª safra,0.0,Caatinga
2021,4 - Milho 1ª safra,2391225.9,Cerrado
2021,4 - Milho 1ª safra,982984.01,Mata Atlântica
2021,4 - Milho 1ª safra,780142.0,Pampa
2021,5 - Cana-de-açúcar,86168.63,Amazônia
2021,5 - Cana-de-açúcar,1231022.7,Caatinga
2021,5 - Cana-de-açúcar,3294279.05,Cerrado
2021,5 - Cana-de-açúcar,7004250.43,Mata Atlântica
2021,5 - Cana-de-açúcar,80418.64,Pampa
2021,6 - Outra agropecuária,568600.01,Amazônia
2021,6 - Outra agropecuária,6533312.88,Caatinga
2021,6 - Outra agropecuária,27492993.3,Cerrado
2021,6 - Outra agropecuária,13863739.17,Mata Atlântica
2021,6 - Outra agropecuária,5663616.65,Pampa
2021,7 - Pastagem deg. média,5784296.0,Amazônia
2021,7 - Pastagem deg. média,2061049.91,Caatinga
2021,7 - Pastagem deg. média,19521407.95,Cerrado
2021,7 - Pastagem deg. média,2371667.1,Mata Atlântica
2021,7 - Pastagem deg. média,78641.61,Pampa
2021,8 - Pastagem deg. alta,288842.75,Amazônia
2021,8 - Pastagem deg. alta,850935.79,Caatinga
2021,8 - Pastagem deg. alta,7645571.2,Cerrado
2021,8 - Pastagem deg. alta,786298.42,Mata Atlântica
2021,8 - Pastagem deg. alta,3620.25,Pampa
2021,9 - Pastagem deg. baixa,9661266.03,Amazônia
2021,9 - Pastagem deg. baixa,1345459.63,Caatinga
2021,9 - Pastagem deg. baixa,11356258.0,Cerrado
2021,9 - Pastagem deg. baixa,2442210.06,Mata Atlântica
2021,9 - Pastagem deg. baixa,118372.13,Pampa
2022,1 - Culturas perenes,14695.19,Amazônia
2022,1 - Culturas perenes,400383.8,Caatinga
2022,1 - Culturas perenes,1135909.68,Cerrado
2022,1 - Culturas perenes,786671.12,Mata Atlântica
2022,1 - Culturas perenes,9421.5,Pampa
2022,10 - Silvicultura,220352.54,Amazônia
2022,10 - Silvicultura,307367.02,Caatinga
2022,10 - Silvicultura,4385672.91,Cerrado
2022,10 - Silvicultura,3541078.73,Mata Atlântica
2022,10 - Silvicultura,1168508.97,Pampa
2022,11 - Veg. prim. florestal,13591964.2,Amazônia
2022,11 - Veg. prim. florestal,1414553.99,Caatinga
2022,11 - Veg. prim. florestal,41322091.98,Cerrado
2022,11 - Veg. prim. florestal,16478079.46,Mata Atlântica
2022,11 - Veg. prim. florestal,5282399.82,Pampa
2022,12 - Veg. sec. florestal,520848.19,Amazônia
2022,12 - Veg. sec. florestal,22059.0,Caatinga
2022,12 - Veg. sec. florestal,2763690.77,Cerrado
2022,12 - Veg. sec. florestal,644347.08,Mata Atlântica
2022,12 - Veg. sec. florestal,312461.91,Pampa
2022,13 - Veg. prim. não-florestal,83.52,Amazônia
2022,13 - Veg. prim. não-florestal,20457511.92,Caatinga
2022,13 - Veg. prim. não-florestal,91455548.16,Cerrado
2022,13 - Veg. prim. não-florestal,39188.7,Mata Atlântica
2022,13 - Veg. prim. não-florestal,0.0,Pampa
2022,14 - Veg. sec. não-florestal,0.0,Amazônia
2022,14 - Veg. sec. não-florestal,0.0,Caatinga
2022,14 - Veg. sec. não-florestal,4230831.13,Cerrado
2022,14 - Veg. sec. não-florestal,0.0,Mata Atlântica
2022,14 - Veg. sec. não-florestal,0.0,Pampa
2022,15 - Outro,11370611.14,Amazônia
2022,15 - Outro,1808848.7,Caatinga
2022,15 - Outro,7142115.57,Cerrado
2022,15 - Outro,3600234.25,Mata Atlântica
2022,15 - Outro,1061778.85,Pampa
2022,2 - Soja,387549.56,Amazônia
2022,2 - Soja,0.0,Caatinga
2022,2 - Soja,4650684.96,Cerrado
2022,2 - Soja,2165591.21,Mata Atlântica
2022,2 - Soja,7123313.52,Pampa
2022,3 - Soja + Milho 2ª safra,668657.32,Amazônia
2022,3 - Soja + Milho 2ª safra,32.58,Caatinga
2022,3 - Soja + Milho 2ª safra,20641356.69,Cerrado
2022,3 - Soja + Milho 2ª safra,6240387.82,Mata Atlântica
2022,3 - Soja + Milho 2ª safra,0.0,Pampa
2022,4 - Milho 1ª safra,229478.71,Amazônia
2022,4 - Milho 1ª safra,0.0,Caatinga
2022,4 - Milho 1ª safra,2437637.68,Cerrado
2022,4 - Milho 1ª safra,1097682.85,Mata Atlântica
2022,4 - Milho 1ª safra,784000.0,Pampa
2022,5 - Cana-de-açúcar,84763.51,Amazônia
2022,5 - Cana-de-açúcar,1184770.18,Caatinga
2022,5 - Cana-de-açúcar,3316599.29,Cerrado
2022,5 - Cana-de-açúcar,7032305.29,Mata Atlântica
2022,5 - Cana-de-açúcar,81211.77,Pampa
2022,6 - Outra agropecuária,550855.21,Amazônia
2022,6 - Outra agropecuária,6746025.99,Caatinga
2022,6 - Outra agropecuária,28470626.7,Cerrado
2022,6 - Outra agropecuária,14020947.05,Mata Atlântica
2022,6 - Outra agropecuária,5719124.86,Pampa
2022,7 - Pastagem deg. média,6368175.02,Amazônia
2022,7 - Pastagem deg. média,2030569.58,Caatinga
2022,7 - Pastagem deg. média,19144408.96,Cerrado
2022,7 - Pastagem deg. média,2280936.4,Mata Atlântica
2022,7 - Pastagem deg. média,73583.15,Pampa
2022,8 - Pastagem deg. alta,411184.56,Amazônia
2022,8 - Pastagem deg. alta,563681.22,Caatinga
2022,8 - Pastagem deg. alta,7329588.33,Cerrado
2022,8 - Pastagem deg. alta,517961.88,Mata Atlântica
2022,8 - Pastagem deg. alta,3452.66,Pampa
2022,9 - Pastagem deg. baixa,9010840.36,Amazônia
2022,9 - Pastagem deg. baixa,1634413.64,Caatinga
2022,9 - Pastagem deg. baixa,11340627.46,Cerrado
2022,9 - Pastagem deg. baixa,2631519.28,Mata Atlântica
2022,9 - Pastagem deg. baixa,129702.78,Pampa
2023,1 - Culturas perenes,14670.61,Amazônia
2023,1 - Culturas perenes,400198.79,Caatinga
2023,1 - Culturas perenes,1138478.84,Cerrado
2023,1 - Culturas perenes,785915.19,Mata Atlântica
2023,1 - Culturas perenes,9422.65,Pampa
2023,10 - Silvicultura,220564.75,Amazônia
2023,10 - Silvicultura,307908.6,Caatinga
2023,10 - Silvicultura,4391477.45,Cerrado
2023,10 - Silvicultura,3545830.77,Mata Atlântica
2023,10 - Silvicultura,1170672.97,Pampa
2023,11 - Veg. prim. florestal,13542158.76,Amazônia
2023,11 - Veg. prim. florestal,1394855.79,Caatinga
2023,11 - Veg. prim. florestal,40777540.77,Cerrado
2023,11 - Veg. prim. florestal,16534518.66,Mata Atlântica
2023,11 - Veg. prim. florestal,5250535.11,Pampa
2023,12 - Veg. sec. florestal,518900.44,Amazônia
2023,12 - Veg. sec. florestal,22841.26,Caatinga
2023,12 - Veg. sec. florestal,3200219.81,Cerrado
2023,12 - Veg. sec. florestal,653618.43,Mata Atlântica
2023,12 - Veg. sec. florestal,313692.03,Pampa
2023,13 - Veg. prim. não-florestal,34.56,Amazônia
2023,13 - Veg. prim. não-florestal,19947338.82,Caatinga
2023,13 - Veg. prim. não-florestal,89608608.01,Cerrado
2023,13 - Veg. prim. não-florestal,38477.34,Mata Atlântica
2023,13 - Veg. prim. não-florestal,0.0,Pampa
2023,14 - Veg. sec. não-florestal,0.0,Amazônia
2023,14 - Veg. sec. não-florestal,0.0,Caatinga
2023,14 - Veg. sec. não-florestal,4957190.9,Cerrado
2023,14 - Veg. sec. não-florestal,0.0,Mata Atlântica
2023,14 - Veg. sec. não-florestal,0.0,Pampa
2023,15 - Outro,10917371.26,Amazônia
2023,15 - Outro,1838253.45,Caatinga
2023,15 - Outro,7315292.76,Cerrado
2023,15 - Outro,3645325.27,Mata Atlântica
2023,15 - Outro,1057989.02,Pampa
2023,2 - Soja,364084.34,Amazônia
2023,2 - Soja,0.0,Caatinga
2023,2 - Soja,4701865.68,Cerrado
2023,2 - Soja,2195144.52,Mata Atlântica
2023,2 - Soja,7270594.92,Pampa
2023,3 - Soja + Milho 2ª safra,709160.53,Amazônia
2023,3 - Soja + Milho 2ª safra,31.95,Caatinga
2023,3 - Soja + Milho 2ª safra,20886025.68,Cerrado
2023,3 - Soja + Milho 2ª safra,6374054.19,Mata Atlântica
2023,3 - Soja + Milho 2ª safra,0.0,Pampa
2023,4 - Milho 1ª safra,241166.81,Amazônia
2023,4 - Milho 1ª safra,0.0,Caatinga
2023,4 - Milho 1ª safra,2457860.99,Cerrado
2023,4 - Milho 1ª safra,1042940.89,Mata Atlântica
2023,4 - Milho 1ª safra,822596.0,Pampa
2023,5 - Cana-de-açúcar,84584.39,Amazônia
2023,5 - Cana-de-açúcar,1102084.42,Caatinga
2023,5 - Cana-de-açúcar,3212249.98,Cerrado
2023,5 - Cana-de-açúcar,6961393.5,Mata Atlântica
2023,5 - Cana-de-açúcar,80894.77,Pampa
2023,6 - Outra agropecuária,579182.45,Amazônia
2023,6 - Outra agropecuária,7136173.83,Caatinga
2023,6 - Outra agropecuária,30930461.69,Cerrado
2023,6 - Outra agropecuária,14381602.18,Mata Atlântica
2023,6 - Outra agropecuária,5683401.45,Pampa
2023,7 - Pastagem deg. média,6392625.1,Amazônia
2023,7 - Pastagem deg. média,1901655.74,Caatinga
2023,7 - Pastagem deg. média,18885864.79,Cerrado
2023,7 - Pastagem deg. média,2188891.33,Mata Atlântica
2023,7 - Pastagem deg. média,75739.61,Pampa
2023,8 - Pastagem deg. alta,464076.79,Amazônia
2023,8 - Pastagem deg. alta,552640.42,Caatinga
2023,8 - Pastagem deg. alta,8150610.47,Cerrado
2023,8 - Pastagem deg. alta,599986.67,Mata Atlântica
2023,8 - Pastagem deg. alta,3433.2,Pampa
2023,9 - Pastagem deg. baixa,9625832.74,Amazônia
2023,9 - Pastagem deg. baixa,1795420.38,Caatinga
2023,9 - Pastagem deg. baixa,10328044.92,Cerrado
2023,9 - Pastagem deg. baixa,2331806.29,Mata Atlântica
2023,9 - Pastagem deg. baixa,128723.04,Pampa
